year,theme,theme_name,citations,title,authors,venue,doi,url
2026,B,Wave measurement methodology,2,Eulerian–Lagrangian simulation of wave-induced microplastic dispersion in nearshore zones: Processes and implications,"Rahmani, Stocchino","Estuarine, Coastal and Shelf Science",10.1016/j.ecss.2025.109626,https://doi.org/10.1016/j.ecss.2025.109626
2026,E,Validation & intercomparison,1,Rogue wave indicators from global models and buoy data,"Azevedo, Marcon, Meyers, Luther",Ocean Science,10.5194/os-22-367-2026,https://doi.org/10.5194/os-22-367-2026
2026,B,Wave measurement methodology,0,Wave estimation solution based on wave buoy analogy: Development and application to in-service ship operational data,"Lee, Park, Ko, Choi",Ocean Engineering,10.1016/j.oceaneng.2026.126694,https://doi.org/10.1016/j.oceaneng.2026.126694
2026,B,Wave measurement methodology,0,Arctic deployment of a fully integrated self-powered drifting buoy harvesting wave energy via a triboelectric nanogenerator,"Lu, Jung, Hwang, Martinez, Branch, Deng",Nano Energy,10.1016/j.nanoen.2026.111830,https://doi.org/10.1016/j.nanoen.2026.111830
2026,D,"Drift, transport & trajectory",0,Short-Term Drifter Position Estimation Based on Ship-Generated Waves for Search and Rescue,"Zhao, Kang, Lee",Journal of Ocean Engineering and Technology,10.26748/ksoe.2025.048,https://doi.org/10.26748/ksoe.2025.048
2026,D,"Drift, transport & trajectory",0,Modeling the convergence of buoyant debris in the Indian Ocean: Insights from surface drifter trajectories and Lagrangian simulations,"Chauchadis, Maes, Blanke, Carton",Marine Pollution Bulletin,10.1016/j.marpolbul.2026.119732,https://doi.org/10.1016/j.marpolbul.2026.119732
2026,E,Validation & intercomparison,0,Comparative analysis of hindcast data against wave buoy measurement for a site in the mediterranean sea,"Ameer, Lo Re, Jiang, Cappietti",Ships and Offshore Structures,10.1080/17445302.2026.2658742,https://doi.org/10.1080/17445302.2026.2658742
2026,B,Wave measurement methodology,0,Research on wave buoy calibration using the vertical lifting method of a linear motor,"Huang, Zhai, Gao, He, Zhang, Zhang",Measurement Science and Technology,10.1088/1361-6501/ae3595,https://doi.org/10.1088/1361-6501/ae3595
2026,B,Wave measurement methodology,0,Optimization and parameter influence analysis of heave plate OWC wave energy buoy under broadband wave conditions,"Zhang, Ren, Li, Yang, Cao, Liu et al.",Energy,10.1016/j.energy.2026.141667,https://doi.org/10.1016/j.energy.2026.141667
2026,B,Wave measurement methodology,0,A very small wave buoy: The challenges learned from a proof-of-concept field experiment,"Yurovsky, Kudinov",Ocean Engineering,10.1016/j.oceaneng.2026.124212,https://doi.org/10.1016/j.oceaneng.2026.124212
2026,B,Wave measurement methodology,0,A graph neural network model for wave buoy data imputation using spatiotemporal information,"Tan, Gao, Xu, Stocchino",Ocean Engineering,10.1016/j.oceaneng.2026.124346,https://doi.org/10.1016/j.oceaneng.2026.124346
2026,A,Platform & sensor hardware,0,Heave added mass coefficient of a spherical buoy,"Usman, Behera, Masoud",Journal of Engineering Mathematics,10.1007/s10665-026-10523-5,https://doi.org/10.1007/s10665-026-10523-5
2026,B,Wave measurement methodology,0,A nonlinear second-order Lagrangian wave model for real-time phase-resolved ocean wave prediction,Kim,Ocean Engineering,10.1016/j.oceaneng.2026.126353,https://doi.org/10.1016/j.oceaneng.2026.126353
2026,B,Wave measurement methodology,0,Enhancing Wave Prediction Using Machine Learning: Modeling Nonlinear Components in 3D Wave Buoy Motion,"Ding, Chen, Taylor, Zhao",Journal of Offshore Mechanics and Arctic Engineering,10.1115/1.4071999,https://doi.org/10.1115/1.4071999
2026,B,Wave measurement methodology,0,Data assimilation of typhoon-generated ocean waves using a drifting buoy observation network: case study of typhoon NANMADOL in 2022,"Yamasaki, Shimura, Mori, Miyashita",Coastal Engineering Journal,10.1080/21664250.2026.2645471,https://doi.org/10.1080/21664250.2026.2645471
2026,D,"Drift, transport & trajectory",0,Estimation and Analysis of Stokes Drift Based on CFOSAT Wave Spectrum Data,"Duan, Song",Remote Sensing,10.3390/rs18040574,https://doi.org/10.3390/rs18040574
2026,D,"Drift, transport & trajectory",0,Stokes Drift and Wind Drift in a Rotating Equilibrium Sea,"Samelson, Zippel",Journal of Physical Oceanography,10.1175/jpo-d-25-0198.1,https://doi.org/10.1175/jpo-d-25-0198.1
2026,D,"Drift, transport & trajectory",0,Simulation of the wave-induced Stokes drift effect under typhoon conditions using FVCOM: Impacts on the upper ocean temperature,"Wang, Han, Shi, Shi",Journal of Physics: Conference Series,10.1088/1742-6596/3178/1/012004,https://doi.org/10.1088/1742-6596/3178/1/012004
2025,D,"Drift, transport & trajectory",12,Non-negligible impact of Stokes drift and wave-driven Eulerian currents on simulated surface particle dispersal in the Mediterranean Sea,"Rühs, van den Bremer, Clementi, Denes, Moulin, van Sebille",Ocean Science,10.5194/os-21-217-2025,https://doi.org/10.5194/os-21-217-2025
2025,B,Wave measurement methodology,6,Estimation of Directional Wave Spectra with Motion Data of Floating Structure Using Complex-Valued Neural Networks,"Yoon, Park, Kim",Applied Sciences,10.3390/app15031603,https://doi.org/10.3390/app15031603
2025,B,Wave measurement methodology,5,Comparison of vector wave displacements from a moored and a drifting Spotter buoy—from an accidental Indian Ocean voyage,"Hlophe, Taylor, Hansen, Wolgamot, Cuttler",Ocean Engineering,10.1016/j.oceaneng.2025.120967,https://doi.org/10.1016/j.oceaneng.2025.120967
2025,G,Air-sea interaction & remote sensing,5,Comprehensive Assessment of Ocean Surface Current Retrievals Using SAR Doppler Shift and Drifting Buoy Observations,"Fan, Zhang, Kudryavtsev",Remote Sensing,10.3390/rs17122007,https://doi.org/10.3390/rs17122007
2025,D,"Drift, transport & trajectory",5,Physics-informed neural networks to reconstruct surface velocity field from drifter data,"Bang, Altaher, Zhuang, Altaher, Srinivasan, Chérubin",Frontiers in Marine Science,10.3389/fmars.2025.1547995,https://doi.org/10.3389/fmars.2025.1547995
2025,B,Wave measurement methodology,4,Evaluation of the 3D response and performance of an operational wave buoy for coastal wave monitoring,"Benetazzo, Bergamasco, Barbariol, Ferla, Nardone, Orasi et al.",Coastal Engineering,10.1016/j.coastaleng.2025.104756,https://doi.org/10.1016/j.coastaleng.2025.104756
2025,G,Air-sea interaction & remote sensing,4,"Characterizing wind, wave, and Stokes drift interactions in the upper ocean during Typhoon Doksuri using the COAWST model","Han, Zuo, Wang, Wang, Tao, Zhang et al.",Frontiers in Marine Science,10.3389/fmars.2025.1524724,https://doi.org/10.3389/fmars.2025.1524724
2025,B,Wave measurement methodology,3,Hybrid approach for enhanced wave spectrum estimation integrating semi-supervised learning and wave buoy analogy,"Ko, Nam, Choi",Ocean Engineering,10.1016/j.oceaneng.2025.121880,https://doi.org/10.1016/j.oceaneng.2025.121880
2025,B,Wave measurement methodology,2,Retrieval of Wave Parameters from GNSS Buoy Measurements Using Spectrum Analysis: A Case Study in the Huanghai Sea,"Wang, Chang, Tu, Yan, Wang, Zhang",Remote Sensing,10.3390/rs17162869,https://doi.org/10.3390/rs17162869
2025,C,Field campaigns & observations,2,Numerical Simulation of Regular Wave and Ice Floe Interaction Using Coupled Eulerian–Lagrangian Method,"Yu, Tian",Water,10.3390/w17131879,https://doi.org/10.3390/w17131879
2025,B,Wave measurement methodology,1,Impact of assimilating buoy directional spectra on tropical cyclone wind-wave modeling: a case study of Isaias (2020),"Liu, Jia, Ding, Wang, Wang",Acta Oceanologica Sinica,10.1007/s13131-025-2537-6,https://doi.org/10.1007/s13131-025-2537-6
2025,D,"Drift, transport & trajectory",1,Determining the depth and upwelling speed of the equatorial Ekman layer from surface drifter trajectories,"Paldor, De-Leon",Ocean Science,10.5194/os-21-1461-2025,https://doi.org/10.5194/os-21-1461-2025
2025,B,Wave measurement methodology,1,Direct (phaseresolving) model of surface waves,Chalikov,Ocean Dynamics,10.1007/s10236-025-01733-z,https://doi.org/10.1007/s10236-025-01733-z
2025,D,"Drift, transport & trajectory",1,Dispersion characteristics in the East Australian Current system: Insights from 20 years of Lagrangian drifter data,"Matisons, Roughan, Schaeffer",Progress in Oceanography,10.1016/j.pocean.2025.103498,https://doi.org/10.1016/j.pocean.2025.103498
2025,D,"Drift, transport & trajectory",1,An analysis on OpenMetBuoy-v2021 drifter in-situ data and Lagrangian trajectory simulations in the Agulhas Current System,"Moerman, Breivik, Hole, Hope, Johannessen, Rabault",Applied Ocean Research,10.1016/j.apor.2025.104649,https://doi.org/10.1016/j.apor.2025.104649
2025,A,Platform & sensor hardware,1,"Drifter Challenge: A Low-Cost, Hands-On Platform for Teaching Ocean Instrumentation and Sensing","Massachusetts Institute of Technology, Xia, Champenois, Campuzano, Mendes",Oceanography,10.5670/oceanog.2025.e312,https://doi.org/10.5670/oceanog.2025.e312
2025,B,Wave measurement methodology,0,A Comparison of Wave Directional Spreading Measurements Made With a Spotter Buoy and a Directional Waverider Buoy in Parallel,"Ewans, Collins",Journal of Offshore Mechanics and Arctic Engineering,10.1115/1.4070167,https://doi.org/10.1115/1.4070167
2025,B,Wave measurement methodology,0,Assessment of bimodal sea states by the wave buoy analogy method,"Piscopo, Ascione, Scamardella",Ocean Engineering,10.1016/j.oceaneng.2025.122258,https://doi.org/10.1016/j.oceaneng.2025.122258
2025,C,Field campaigns & observations,0,IMPACT OF DATA ASSIMILATION FOR TYPHOON-GENERATED EXTREME WAVE BASED ON DRIFTING WAVE BUOY OBSERVATION,"Yamasaki, Shimura, Miyashita, Mori",Coastal Engineering Proceedings,10.9753/icce.v38.waves.55,https://doi.org/10.9753/icce.v38.waves.55
2025,B,Wave measurement methodology,0,A Directional Wave Spectrum Inversion Algorithm with HF Surface Wave Radar Network,"Mo, Wu, Li, Yu, Zhou",Remote Sensing,10.3390/rs17152573,https://doi.org/10.3390/rs17152573
2025,E,Validation & intercomparison,0,Evaluation of Measurement Uncertainty for the Wave Buoy Calibration Device Using a Vertical Lifting Method,"Huang, Zhao, Gao, Yan, He",Journal of Marine Science and Engineering,10.3390/jmse13030605,https://doi.org/10.3390/jmse13030605
2025,D,"Drift, transport & trajectory",0,A Combined HF Radar and Drifter Dataset for Analysis of Highly Variable Surface Currents,"Doronzo, Bendoni, Taddei, Boccacci, Brandini",Data,10.3390/data10070115,https://doi.org/10.3390/data10070115
2025,A,Platform & sensor hardware,0,"Lagrangian dispersion in the Red River plume region, Northeast Vietnam, from drifter observations and modeling","Sentchev, Nguyen-Duc, Berti, Ayoub, Vinh",Journal of Marine Systems,10.1016/j.jmarsys.2025.104143,https://doi.org/10.1016/j.jmarsys.2025.104143
2025,B,Wave measurement methodology,0,Variation In Wave Steepness and Wave Age-A Case Study in The Arabian Sea from Buoy Measurements During Post-Monsoon,"Kalyani, G, R, H, K, Muthiah",Journal of Offshore Structure and Technology,10.37591/joost.v12i02.217546,https://doi.org/10.37591/joost.v12i02.217546
2024,B,Wave measurement methodology,21,Comparing machine learning-based sea state estimates by the wave buoy analogy,"Nielsen, Iwase, Mounet",Applied Ocean Research,10.1016/j.apor.2024.104042,https://doi.org/10.1016/j.apor.2024.104042
2024,B,Wave measurement methodology,19,Two-buoy and single-buoy floating wave energy converters: A numerical comparison,"Li, Dong, Borthwick, Sharma, Wang, Huang et al.",Energy,10.1016/j.energy.2024.131219,https://doi.org/10.1016/j.energy.2024.131219
2024,B,Wave measurement methodology,17,Achieving efficient power generation for an enclosed drifting buoy by multi-DOF wave energy harvesting,"Wang, Lin, Li, Jiang, Wu, Lu",Ocean Engineering,10.1016/j.oceaneng.2024.117834,https://doi.org/10.1016/j.oceaneng.2024.117834
2024,A,Platform & sensor hardware,13,Lagrangian characterization of the southwestern Atlantic from a dense surface drifter deployment,"Saraceno, Bodnariuk, Ruiz-Etcheverry, Berta, Simionato, Beron-Vera et al.",Deep Sea Research Part I: Oceanographic Research Papers,10.1016/j.dsr.2024.104319,https://doi.org/10.1016/j.dsr.2024.104319
2024,D,"Drift, transport & trajectory",10,Lagrangian surface drifter observations in the  North Sea: an overview of high-resolution  tidal dynamics and surface currents,"Deyle, Badewien, Wurl, Meyerjürgens",Earth System Science Data,10.5194/essd-16-2099-2024,https://doi.org/10.5194/essd-16-2099-2024
2024,G,Air-sea interaction & remote sensing,10,Footprint of the air-sea momentum transfer saturation observed by ocean wave buoy network in extreme tropical cyclones,"Shimura, Mori, Miyashita",Coastal Engineering,10.1016/j.coastaleng.2024.104537,https://doi.org/10.1016/j.coastaleng.2024.104537
2024,B,Wave measurement methodology,9,Reconstruction of significant wave height distribution from sparse buoy data by using deep learning,"Duan, Zhang, Cao, Sun, Zhang, Huang",Coastal Engineering,10.1016/j.coastaleng.2024.104616,https://doi.org/10.1016/j.coastaleng.2024.104616
2024,A,Platform & sensor hardware,8,Real-Time and Long-Term Monitoring of Coastal Water Turbidity Using an Ocean Buoy Equipped with an ADCP,"Bian, Huang",Sensors,10.3390/s24216979,https://doi.org/10.3390/s24216979
2024,B,Wave measurement methodology,7,Ocean Wave Directional Distribution from GPS Buoy Observations off the West Coast of Ireland: Assessment of a Wavelet-Based Method,"Peláez-Zapata, Pakrashi, Dias",Journal of Atmospheric and Oceanic Technology,10.1175/jtech-d-23-0058.1,https://doi.org/10.1175/jtech-d-23-0058.1
2024,B,Wave measurement methodology,6,Investigating the influence of geometry on the performance of a wave-powered marine observation buoy: The wave-to-wire approach,"Wang, Yang, Li, Lin, Wen",Energy,10.1016/j.energy.2024.133022,https://doi.org/10.1016/j.energy.2024.133022
2024,B,Wave measurement methodology,4,Real-time phase-resolved ocean wave prediction in directional wave fields: Second-order Lagrangian wave models,"Kim, Ducrozet",Ocean Engineering,10.1016/j.oceaneng.2024.119316,https://doi.org/10.1016/j.oceaneng.2024.119316
2024,B,Wave measurement methodology,4,Efficient estimation of directional wave buoy spectra using a reformulated Maximum Shannon Entropy Method: Analysis and comparisons for coastal wave datasets,Christie,Applied Ocean Research,10.1016/j.apor.2023.103830,https://doi.org/10.1016/j.apor.2023.103830
2024,D,"Drift, transport & trajectory",3,Fusion of Lagrangian drifter data and numerical model outputs for improved assessment of turbulent dispersion,"Bertin, Sentchev, Alekseenko",Ocean Science,10.5194/os-20-965-2024,https://doi.org/10.5194/os-20-965-2024
2024,B,Wave measurement methodology,3,Research on hydrodynamic performance of a two-buoy wave energy converter with built-in tanks,"He, Gao",Ocean Engineering,10.1016/j.oceaneng.2024.117250,https://doi.org/10.1016/j.oceaneng.2024.117250
2024,B,Wave measurement methodology,3,Exploiting Axisymmetry to Optimize CFD Simulations—Heave Motion and Wave Radiation of a Spherical Buoy,"Davidson, Nava, Andersen, Kramer",Symmetry,10.3390/sym16091252,https://doi.org/10.3390/sym16091252
2024,C,Field campaigns & observations,3,Drifter Deployment Strategies to Determine Lagrangian Surface Convergence in Submesoscale Flows,"Aravind, Huntley, Kirwan, Allshouse",Journal of Atmospheric and Oceanic Technology,10.1175/jtech-d-22-0129.1,https://doi.org/10.1175/jtech-d-22-0129.1
2024,B,Wave measurement methodology,3,An Integrated Framework for Real-Time Sea-State Estimation of Stationary Marine Units Using Wave Buoy Analogy,"Majidiyan, Enshaei, Howe, Wang",Journal of Marine Science and Engineering,10.3390/jmse12122312,https://doi.org/10.3390/jmse12122312
2024,A,Platform & sensor hardware,2,Performance Characteristics of Newly Developed Real-Time Wave Measurement Buoy Using the Variometric Approach,"Xue, Guo, Jiang, Wang, Guo, Li",Journal of Marine Science and Engineering,10.3390/jmse12112032,https://doi.org/10.3390/jmse12112032
2024,B,Wave measurement methodology,2,Research on hydrodynamic characteristics of compartmented buoy wave energy converter,"Yu, Gao, Shi, Zhang",Ocean Engineering,10.1016/j.oceaneng.2024.119195,https://doi.org/10.1016/j.oceaneng.2024.119195
2024,A,Platform & sensor hardware,2,An Economical Open‐Source Lagrangian Drifter Design to Measure Deep Currents in Lakes,"McCaffrey, Koeberle",Water Resources Research,10.1029/2024wr037429,https://doi.org/10.1029/2024wr037429
2024,D,"Drift, transport & trajectory",2,Detecting the role of Stokes drift under typhoon condition by a fully coupled wave-current model,"Yu, Deng, Zhang, Hamdi Ali",Frontiers in Marine Science,10.3389/fmars.2024.1364960,https://doi.org/10.3389/fmars.2024.1364960
2024,D,"Drift, transport & trajectory",0,Development of a GPS-GPRS tracked surface drifter for monitoring of surface currents in tidally dominated estuaries,"Jaini, Kochuparampil, Roshin",Disaster Advances,10.25303/181da038045,https://doi.org/10.25303/181da038045
2024,B,Wave measurement methodology,0,Exploring representative samples for modeling of wave buoy motion behavior,"Deng, Zhu, Li, Liu",Ocean Engineering,10.1016/j.oceaneng.2024.117259,https://doi.org/10.1016/j.oceaneng.2024.117259
2023,B,Wave measurement methodology,41,Wave spectrum estimation conditioned on machine learning-based output using the wave buoy analogy,"Nielsen, Mittendorf, Shao, Storhaug",Marine Structures,10.1016/j.marstruc.2023.103470,https://doi.org/10.1016/j.marstruc.2023.103470
2023,B,Wave measurement methodology,24,Energy capture optimization of heave oscillating buoy wave energy converter based on model predictive control,"Liang, Qiao, Wang, Zhi, Yan, Ning et al.",Ocean Engineering,10.1016/j.oceaneng.2022.113402,https://doi.org/10.1016/j.oceaneng.2022.113402
2023,B,Wave measurement methodology,18,Hydrodynamic response of buoy form spar with heave plate near the free surface validated with experiments,"Hegde, Nallayarasu",Ocean Engineering,10.1016/j.oceaneng.2022.113580,https://doi.org/10.1016/j.oceaneng.2022.113580
2023,E,Validation & intercomparison,17,Ensemble-based data assimilation of significant wave height from Sofar Spotters and satellite altimeters with a global operational wave model,"Houghton, Penny, Hegermiller, Cesaretti, Teicheira, Smit",Ocean Modelling,10.1016/j.ocemod.2023.102200,https://doi.org/10.1016/j.ocemod.2023.102200
2023,A,Platform & sensor hardware,14,An affordable and customizable wave buoy for the study of wave-ice interactions: design concept and results from field deployments,"Kodaira, Katsuno, Nose, Itoh, Rabault, Hoppmann et al.",Coastal Engineering Journal,10.1080/21664250.2023.2249243,https://doi.org/10.1080/21664250.2023.2249243
2023,E,Validation & intercomparison,13,Numerical simulation on the energy capture spectrum of heaving buoy wave energy converter,"Han, Cao, Shi",Ocean Engineering,10.1016/j.oceaneng.2023.114475,https://doi.org/10.1016/j.oceaneng.2023.114475
2023,A,Platform & sensor hardware,13,The wavedrifter: a low-cost IMU-based Lagrangian drifter to observe steepening and overturning of surface gravity waves and the transition to turbulence,"Feddersen, Amador, Pick, Vizuet, Quinn, Wolfinger et al.",Coastal Engineering Journal,10.1080/21664250.2023.2238949,https://doi.org/10.1080/21664250.2023.2238949
2023,E,Validation & intercomparison,13,Characterizing Coastal Wind Speed and Significant Wave Height Using Satellite Altimetry and Buoy Data,"Mitsopoulos, Peña",Remote Sensing,10.3390/rs15040987,https://doi.org/10.3390/rs15040987
2023,B,Wave measurement methodology,12,Experimental investigation on the wave-oscillating buoy interaction and wave run-up on the buoy,"Yu, Li, Shi, Zhang, Chen",Ocean Engineering,10.1016/j.oceaneng.2023.113631,https://doi.org/10.1016/j.oceaneng.2023.113631
2023,C,Field campaigns & observations,9,A comparison of an operational wave–ice model product and drifting wave buoy observation in the central Arctic Ocean: investigating the effect of sea-ice forcing in thin ice cover,"Nose, Rabault, Waseda, Kodaira, Fujiwara, Katsuno et al.",Polar Research,10.33265/polar.v42.8874,https://doi.org/10.33265/polar.v42.8874
2023,B,Wave measurement methodology,9,"Oceanographic wave buoy motion as a 3D-vector field: Spectra, linear components and bound harmonics","Ding, Taylor, Zhao, Dory, Hlophe, Draper",Applied Ocean Research,10.1016/j.apor.2023.103777,https://doi.org/10.1016/j.apor.2023.103777
2023,B,Wave measurement methodology,8,Adaptive Delay-Free Filtering Based on IMU for Improving Ship Heave Measurement,"Lu, Zhang, Wang",Sensors,10.3390/s23249791,https://doi.org/10.3390/s23249791
2023,A,Platform & sensor hardware,7,A Multi-Scale Anti-Multipath Algorithm for GNSS-RTK Monitoring Application,"Wang, Wang, Sun",Sensors,10.3390/s23208396,https://doi.org/10.3390/s23208396
2023,B,Wave measurement methodology,6,A controllable-valve buoy for high-efficiency wave energy conversion under a wide range of wave conditions,"Zhang, Wu, Zhang, Cui",Ocean Engineering,10.1016/j.oceaneng.2023.114468,https://doi.org/10.1016/j.oceaneng.2023.114468
2023,B,Wave measurement methodology,6,Evaluation of a GNSS for wave measurement and directional wave spectrum analysis,"Gu, Zhu, Shan, Zang, Qian, Lin",Ocean Engineering,10.1016/j.oceaneng.2023.113683,https://doi.org/10.1016/j.oceaneng.2023.113683
2023,B,Wave measurement methodology,6,Wave Buoy Measurements at Short Fetches in the Black Sea Nearshore: Mixed Sea and Energy Fluxes,"Rybalko, Myslenkov, Badulin",Water,10.3390/w15101834,https://doi.org/10.3390/w15101834
2023,D,"Drift, transport & trajectory",5,Drifter observations of surface currents in the Cyprus Gyre,"Poulain, Menna, Mauri, Pirro, Hayes, Gildor",Frontiers in Marine Science,10.3389/fmars.2023.1266040,https://doi.org/10.3389/fmars.2023.1266040
2023,B,Wave measurement methodology,5,Use of drifting buoys for wave observation: Effect of current on wave data,Hisaki,Deep Sea Research Part I: Oceanographic Research Papers,10.1016/j.dsr.2023.103986,https://doi.org/10.1016/j.dsr.2023.103986
2023,A,Platform & sensor hardware,4,Development of a GNSS/INS buoy array in preparation for SWOT validation in Bass Strait,"Zhou, Watson, Beardsley, Legresy, King",Frontiers in Marine Science,10.3389/fmars.2022.1093391,https://doi.org/10.3389/fmars.2022.1093391
2023,B,Wave measurement methodology,3,An arbitrary Lagrangian–Eulerian method for analyzing finite-amplitude viscous acoustic waves radiated from vibrational solid boundaries: An implicit method,"Li, Qu, Xie, Meng",Wave Motion,10.1016/j.wavemoti.2023.103183,https://doi.org/10.1016/j.wavemoti.2023.103183
2023,D,"Drift, transport & trajectory",2,Using a drifting GPS-Argos satellite buoy as a method for detecting acoustic-tagged fish offshore in an ancient lake,"Yoshida, Mabuchi",Animal Biotelemetry,10.1186/s40317-023-00341-2,https://doi.org/10.1186/s40317-023-00341-2
2023,B,Wave measurement methodology,2,What a Wave Buoy Actually Measures in 3D: Analysis of a Mild Sea State,"Ding, Taylor, Zhao, Dory",Journal of Offshore Mechanics and Arctic Engineering,10.1115/1.4064110,https://doi.org/10.1115/1.4064110
2023,D,"Drift, transport & trajectory",2,The Effects of Wave-Induced Stokes Drift and Mixing Induced by Nonbreaking Surface Waves on the Ocean in a Climate System Ocean Model,"Fan, Jin, Guo, Li, Zhou",Journal of Marine Science and Engineering,10.3390/jmse11101868,https://doi.org/10.3390/jmse11101868
2022,A,Platform & sensor hardware,30,"Part. A: A review of the real-time sea-state estimation, using wave buoy analogy","Majidian, Wang, Enshaei",Ocean Engineering,10.1016/j.oceaneng.2022.111684,https://doi.org/10.1016/j.oceaneng.2022.111684
2022,B,Wave measurement methodology,27,"Part. B: A review of the real-time sea-state estimation, using wave buoy analogy; a decuple benchmark and future outlook","Majidian, Wang, Enshaei",Ocean Engineering,10.1016/j.oceaneng.2022.111020,https://doi.org/10.1016/j.oceaneng.2022.111020
2022,A,Platform & sensor hardware,24,Operational Assimilation of Spectral Wave Data From the Sofar Spotter Network,"Houghton, Hegermiller, Teicheira, Smit",Geophysical Research Letters,10.1029/2022gl098973,https://doi.org/10.1029/2022gl098973
2022,B,Wave measurement methodology,20,Experimental and numerical investigation on an optimization method of heaving buoy wave energy converter arrays based on a given target wave spectrum,"Gong, Shi, Han, Cao",Ocean Engineering,10.1016/j.oceaneng.2022.111766,https://doi.org/10.1016/j.oceaneng.2022.111766
2022,G,Air-sea interaction & remote sensing,17,Wind speed and direction estimation from wave spectra using deep learning,Jiang,Atmospheric Measurement Techniques,10.5194/amt-15-1-2022,https://doi.org/10.5194/amt-15-1-2022
2022,A,Platform & sensor hardware,14,Investigation of heave damping characteristics of buoy form spar with heave plate near the free surface using CFD validated by experiments,"Hegde, Nallayarasu",Ships and Offshore Structures,10.1080/17445302.2022.2133882,https://doi.org/10.1080/17445302.2022.2133882
2022,E,Validation & intercomparison,13,"Quantifying errors in wind and wave measurements from a compact, low-cost wave buoy","Beckman, Long",Frontiers in Marine Science,10.3389/fmars.2022.966855,https://doi.org/10.3389/fmars.2022.966855
2022,B,Wave measurement methodology,13,Probability distribution of wind speed and wave height in Nowshahr Port using the data acquired from wave scan buoy,"Dehghan, Sadrinasab, Chegini",Ocean Engineering,10.1016/j.oceaneng.2022.111234,https://doi.org/10.1016/j.oceaneng.2022.111234
2022,E,Validation & intercomparison,13,An experimental assessment of the effect of current on wave buoy measurements,"Draycott, Pillai, Gabl, Stansby, Davey",Coastal Engineering,10.1016/j.coastaleng.2022.104114,https://doi.org/10.1016/j.coastaleng.2022.104114
2022,B,Wave measurement methodology,11,Ocean Surface Wind Estimation From Waves Based on Small GPS Buoy Observations in a Bay and the Open Ocean,"Shimura, Mori, Baba, Miyashita",Journal of Geophysical Research: Oceans,10.1029/2022jc018786,https://doi.org/10.1029/2022jc018786
2022,A,Platform & sensor hardware,9,Retrieving Wave Parameters From GNSS Buoy Measurements Using the PPP Mode,"Zhu, Yang, Xu, Yang, Zhou",IEEE Geoscience and Remote Sensing Letters,10.1109/lgrs.2020.3041846,https://doi.org/10.1109/lgrs.2020.3041846
2022,A,Platform & sensor hardware,9,Free-Decay Heave Motion of a Spherical Buoy,"Colling, Jafari Kang, Dehdashti, Husain, Masoud, Parker",Fluids,10.3390/fluids7060188,https://doi.org/10.3390/fluids7060188
2022,B,Wave measurement methodology,9,Application of Arbitrary Lagrangian–Eulerian strips with fully nonlinear wave kinematics for force estimation,"Pákozdi, Kamath, Wang, Bihs",Marine Structures,10.1016/j.marstruc.2022.103190,https://doi.org/10.1016/j.marstruc.2022.103190
2022,A,Platform & sensor hardware,8,A Drifter-Based Self-Powered Piezoelectric Sensor for Ocean Wave Measurements,"Kargar, Hao",Sensors,10.3390/s22135050,https://doi.org/10.3390/s22135050
2022,D,"Drift, transport & trajectory",8,SailBuoy Ocean Currents: Low-Cost Upper-Layer Ocean Current Measurements,"Wullenweber, Hole, Ghaffari, Graves, Tholo, Camus",Sensors,10.3390/s22155553,https://doi.org/10.3390/s22155553
2022,B,Wave measurement methodology,5,A new method to determine directional spectrum of sea waves and its application to wave buoys,"Gryazin, Gleb",Journal of Ocean Engineering and Marine Energy,10.1007/s40722-022-00228-z,https://doi.org/10.1007/s40722-022-00228-z
2022,D,"Drift, transport & trajectory",3,A Study on the Prediction of the Surface Drifter Trajectories in the Korean Strait,"Ha, Yoon, Kim",Journal of Korean Society of Coastal and Ocean Engineers,10.9765/kscoe.2022.34.1.11,https://doi.org/10.9765/kscoe.2022.34.1.11
2022,B,Wave measurement methodology,3,Dispersal of a small wave-protected river plume from drifter observations,"Lemos, Gama, Bernardes, Silva, Siegle",Regional Studies in Marine Science,10.1016/j.rsma.2022.102513,https://doi.org/10.1016/j.rsma.2022.102513
2022,D,"Drift, transport & trajectory",1,Eulerian Description of Wave-Induced Stokes Drift Effect on Tracer Transport,"Yan, Zou, You",Journal of Marine Science and Engineering,10.3390/jmse10020253,https://doi.org/10.3390/jmse10020253
2022,B,Wave measurement methodology,0,Fully Coupled Wave-to-Electricity Model for a Backward Bent Duct Buoy Oscillating Water Column Wave Energy Converter,"Guo, Zhang, Chen",SSRN Electronic Journal,10.2139/ssrn.4159366,https://doi.org/10.2139/ssrn.4159366
2022,A,Platform & sensor hardware,0,Wave Parameter Estimation using a Small Buoy with Multi-IMU Sensors,"UETANI, SUZUKI, IKEDA",The Proceedings of JSME annual Conference on Robotics and Mechatronics (Robomec),10.1299/jsmermd.2022.2a1-b03,https://doi.org/10.1299/jsmermd.2022.2a1-b03
2022,A,Platform & sensor hardware,0,DEVELOPMENT OF SMALL BUOY WITH MULTI-IMU SENSORS FOR ESTIMATION OF OCEAN WAVE CONDITIONS,"UETANI, SUZUKI, IKEDA","Journal of Japan Society of Civil Engineers, Ser. B2 (Coastal Engineering)",10.2208/kaigan.78.2_i_121,https://doi.org/10.2208/kaigan.78.2_i_121
2022,D,"Drift, transport & trajectory",0,A Mass Conservative Eulerian-Lagrangian Runge-Kutta Discontinuous Galerkin Method for Wave Equations with Large Time Stepping,"Hong, Qiu",SSRN Electronic Journal,10.2139/ssrn.4186780,https://doi.org/10.2139/ssrn.4186780
2022,B,Wave measurement methodology,0,REAL TIME WAVE PARAMETERS MONITORING USING A FIXED COASTAL BUOY,"National Research and Development Institute for Marine Geology and Geoecology-GeoEcoMar - Energy Doctoral School, Polytechnic University, Radulescu, Panaitescu, Constanta Maritime University, Panaitescu, Constanta Maritime University et al.",International Journal of Modern Manufacturing Technologies,10.54684/ijmmt.2022.14.3.227,https://doi.org/10.54684/ijmmt.2022.14.3.227
2021,A,Platform & sensor hardware,42,An efficient fully Lagrangian solver for modeling wave interaction with oscillating wave surge converter,"Zhang, Wei, Dias, Hu",Ocean Engineering,10.1016/j.oceaneng.2021.109540,https://doi.org/10.1016/j.oceaneng.2021.109540
2021,B,Wave measurement methodology,28,Optimized design of 3-DOF buoy wave energy converters under a specified wave energy spectrum,"Tao, Cao, Dong, Li, Shi",Applied Ocean Research,10.1016/j.apor.2021.102885,https://doi.org/10.1016/j.apor.2021.102885
2021,B,Wave measurement methodology,25,Impact of heavy biofouling on a nearshore heave-pitch-roll wave buoy performance,"Campos, Islam, Ferreira, Guedes Soares",Applied Ocean Research,10.1016/j.apor.2020.102500,https://doi.org/10.1016/j.apor.2020.102500
2021,E,Validation & intercomparison,19,Quantifying wave measurement differences in historical and present wave buoy systems,"Jensen, Swail, Bouchard",Ocean Dynamics,10.1007/s10236-021-01461-0,https://doi.org/10.1007/s10236-021-01461-0
2021,B,Wave measurement methodology,15,A framework for processing wave buoy measurements in the presence of current,"Pillai, Davey, Draycott",Applied Ocean Research,10.1016/j.apor.2020.102420,https://doi.org/10.1016/j.apor.2020.102420
2021,E,Validation & intercomparison,14,Validation of Drifting Buoy Data for Ocean Wave Observation,Hisaki,Journal of Marine Science and Engineering,10.3390/jmse9070729,https://doi.org/10.3390/jmse9070729
2021,B,Wave measurement methodology,14,Transformation of Water Wave Spectra into Time Series of Surface Elevation,"Oleinik, Tavares, Machado, Isoldi",Earth,10.3390/earth2040059,https://doi.org/10.3390/earth2040059
2021,E,Validation & intercomparison,12,"Comparative wave measurements at a wave energy site with a recently developed low-cost wave buoy (Spotter), ADCP and pressure loggers","Lancaster, Cossu, Boulay, Hunter, Baldock",Journal of Atmospheric and Oceanic Technology,10.1175/jtech-d-20-0168.1,https://doi.org/10.1175/jtech-d-20-0168.1
2021,B,Wave measurement methodology,12,Estimating ocean wave directional spreading using wave following buoys: a comparison of experimental buoy and gauge data,"Lin, Adcock, McAllister",Journal of Ocean Engineering and Marine Energy,10.1007/s40722-021-00218-7,https://doi.org/10.1007/s40722-021-00218-7
2021,B,Wave measurement methodology,10,Research on buoy–chain–sprocket wave energy capture technology,"Ji, Wu, Li, Zhu, Zhu",Ocean Engineering,10.1016/j.oceaneng.2021.109397,https://doi.org/10.1016/j.oceaneng.2021.109397
2021,A,Platform & sensor hardware,9,Beach Deployment of a Low-Cost GNSS Buoy for Determining Sea-Level and Wave Characteristics,"Knight, Bird, Sinclair, Higham, Plater",Geosciences,10.3390/geosciences11120494,https://doi.org/10.3390/geosciences11120494
2021,G,Air-sea interaction & remote sensing,9,"Impact of Langmuir Turbulence, Wave Breaking, and Stokes Drift on Upper Ocean Dynamics Under Hurricane Conditions","Hughes, Liu, Perrie, Sheng",Journal of Geophysical Research: Oceans,10.1029/2021jc017388,https://doi.org/10.1029/2021jc017388
2021,B,Wave measurement methodology,8,The Accelerations of a Wave Measurement Buoy Impacted by Breaking Waves in the Surf Zone,"Brown, Paasch",Journal of Marine Science and Engineering,10.3390/jmse9020214,https://doi.org/10.3390/jmse9020214
2021,A,Platform & sensor hardware,7,Finite volume arbitrary Lagrangian-Eulerian schemes using dual meshes for ocean wave applications,"Ferrand, Harris",Computers &amp; Fluids,10.1016/j.compfluid.2021.104860,https://doi.org/10.1016/j.compfluid.2021.104860
2021,D,"Drift, transport & trajectory",6,"Tracking a Coastal Wave Buoy, Lost from the Southern Coast of Jeju Island, Using Lagrangian Particle Modeling","Seo, Park",Journal of Marine Science and Engineering,10.3390/jmse9080795,https://doi.org/10.3390/jmse9080795
2021,C,Field campaigns & observations,6,A preliminary assessment of an innovative air-launched wave measurement buoy,"Wei, Liu, Dong, Qi",Applied Ocean Research,10.1016/j.apor.2020.102458,https://doi.org/10.1016/j.apor.2020.102458
2021,B,Wave measurement methodology,5,Estimating Nearshore Waves by Assimilating Buoy Directional Spectrum Data in SWAN,"Walker, Brunner",Journal of Atmospheric and Oceanic Technology,10.1175/jtech-d-21-0040.1,https://doi.org/10.1175/jtech-d-21-0040.1
2021,B,Wave measurement methodology,5,Development and Validation of Quasi-Eulerian Mean Three-Dimensional Equations of Motion Using the Generalized Lagrangian Mean Method,"Nguyen, Jacobsen, Roelvink",Journal of Marine Science and Engineering,10.3390/jmse9010076,https://doi.org/10.3390/jmse9010076
2021,B,Wave measurement methodology,4,PARAMETRIC ESTIMATION OF THE DIRECTIONAL WAVE SPECTRUM FROM SHIP MOTIONS,"Hinostroza, Guedes Soares",International Journal of Maritime Engineering,10.5750/ijme.v158ia2.981,https://doi.org/10.5750/ijme.v158ia2.981
2021,B,Wave measurement methodology,3,"Directional wave buoy data measured near Campbell Island, New Zealand","McComb, Garrett, Durrant, Perez",Scientific Data,10.1038/s41597-021-01025-3,https://doi.org/10.1038/s41597-021-01025-3
2021,A,Platform & sensor hardware,1,A Compact GPS Surface Drifter with LoRa Telemetry and Self-Contained Tracking System,"Robinson, Esty, Tilburg",Marine Technology Society Journal,10.4031/mtsj.55.1.5,https://doi.org/10.4031/mtsj.55.1.5
2021,B,Wave measurement methodology,1,Observing Surface Wave Directional Spectra under Typhoon Megi (2010) Using Subsurface EM-APEX Floats,,Journal of Atmospheric and Oceanic Technology,10.1175/jtech-d-20-0210.1,https://doi.org/10.1175/jtech-d-20-0210.1
2021,B,Wave measurement methodology,0,Shape optimization of spar buoy type wave energy converter,"KASAI, IMAI",The Proceedings of Conference of Kyushu Branch,10.1299/jsmekyushu.2021.74.f13,https://doi.org/10.1299/jsmekyushu.2021.74.f13
2021,E,Validation & intercomparison,0,Numerical Analysis for Predicting the Performance of Wave Observation Buoy: Dynamic Analysis under Regular Wave,"Chun, Min, Min, Oh, Shim",Korea Society of Coastal Disaster Prevention,10.20481/kscdp.2021.8.3.127,https://doi.org/10.20481/kscdp.2021.8.3.127
2020,D,"Drift, transport & trajectory",53,Evaluation of Radial Ocean Surface Currents Derived From Sentinel‐1 IW Doppler Shift Using Coastal Radar and Lagrangian Surface Drifter Observations,"Moiseev, Johnsen, Hansen, Johannessen",Journal of Geophysical Research: Oceans,10.1029/2019jc015743,https://doi.org/10.1029/2019jc015743
2020,B,Wave measurement methodology,37,Estimation of sea state parameters by the wave buoy analogy with comparisons to third generation spectral wave models,"Nielsen, Dietz",Ocean Engineering,10.1016/j.oceaneng.2020.107781,https://doi.org/10.1016/j.oceaneng.2020.107781
2020,B,Wave measurement methodology,36,MEMS-based wave buoy: Towards short wind-wave sensing,"Yurovsky, Dulov",Ocean Engineering,10.1016/j.oceaneng.2020.108043,https://doi.org/10.1016/j.oceaneng.2020.108043
2020,B,Wave measurement methodology,30,Machine-Learning Mesoscale and Submesoscale Surface Dynamics from Lagrangian Ocean Drifter Trajectories,"Aksamit, Sapsis, Haller",Journal of Physical Oceanography,10.1175/jpo-d-19-0238.1,https://doi.org/10.1175/jpo-d-19-0238.1
2020,B,Wave measurement methodology,28,Optimisation of heaving buoy wave energy converter using a combined numerical model,"Zhao, Cao, Shi",Applied Ocean Research,10.1016/j.apor.2020.102208,https://doi.org/10.1016/j.apor.2020.102208
2020,D,"Drift, transport & trajectory",20,Diurnal Cycling of Submesoscale Dynamics: Lagrangian Implications in Drifter Observations and Model Simulations of the Northern Gulf of Mexico,"Sun, Bracco, Barkan, Berta, Dauhajre, Molemaker et al.",Journal of Physical Oceanography,10.1175/jpo-d-19-0241.1,https://doi.org/10.1175/jpo-d-19-0241.1
2020,D,"Drift, transport & trajectory",20,Unsteady Ekman‐Stokes Dynamics: Implications for Surface Wave‐Induced Drift of Floating Marine Litter,"Higgins, Vanneste, van den Bremer",Geophysical Research Letters,10.1029/2020gl089189,https://doi.org/10.1029/2020gl089189
2020,A,Platform & sensor hardware,17,Ocean Wave Buoy Based on Parallel Six-Dimensional Accelerometer,"Liu, Wang, You, Chen",IEEE Access,10.1109/access.2020.2971711,https://doi.org/10.1109/access.2020.2971711
2020,E,Validation & intercomparison,14,Evaluation of HF Radar Wave Measurements in Iberian Peninsula by Comparison with Satellite Altimetry and in Situ Wave Buoy Observations,"Bué, Semedo, Catalão",Remote Sensing,10.3390/rs12213623,https://doi.org/10.3390/rs12213623
2020,B,Wave measurement methodology,12,Variations in directional wave parameters obtained from data measured using a GNSS buoy,"Lin, Huang, Chen",Ocean Engineering,10.1016/j.oceaneng.2020.107513,https://doi.org/10.1016/j.oceaneng.2020.107513
2020,B,Wave measurement methodology,4,Directional Surface Wave Spectra from Point Measurements of Height and Slope,"Plant, Donelan",Journal of Atmospheric and Oceanic Technology,10.1175/jtech-d-19-0128.1,https://doi.org/10.1175/jtech-d-19-0128.1
2020,B,Wave measurement methodology,3,Dynamics Model of Buoy Unpowered Heave Considering Seawater Density,"Yang, Li, Li, Liang, Zhang, Sun",Journal of Coastal Research,10.2112/si99-060.1,https://doi.org/10.2112/si99-060.1
2020,E,Validation & intercomparison,2,An Experimental Assessment of Extreme Wave Evaluation by Integrating Model and Wave Buoy Data,"Reale, Dentale, Furcolo, Di Leo, Pugliese Carratelli",Water,10.3390/w12041201,https://doi.org/10.3390/w12041201
2019,A,Platform & sensor hardware,84,"Performance Characteristics of “Spotter,” a Newly Developed Real-Time Wave Measurement Buoy","Raghukumar, Chang, Spada, Jones, Janssen, Gans",Journal of Atmospheric and Oceanic Technology,10.1175/jtech-d-18-0151.1,https://doi.org/10.1175/jtech-d-18-0151.1
2019,E,Validation & intercomparison,50,Validation of Sentinel-3A/3B Satellite Altimetry Wave Heights with Buoy and Jason-3 Data,"Yang, Zhang",Sensors,10.3390/s19132914,https://doi.org/10.3390/s19132914
2019,B,Wave measurement methodology,25,Real-Time Inverse Estimation of Ocean Wave Spectra from Vessel-Motion Sensors Using Adaptive Kalman Filter,"Kim, Kang, Kim",Applied Sciences,10.3390/app9142797,https://doi.org/10.3390/app9142797
2019,B,Wave measurement methodology,23,Lagrangian Measurement of Steep Directionally Spread Ocean Waves: Second-Order Motion of a Wave-Following Measurement Buoy,"McAllister, van den Bremer",Journal of Physical Oceanography,10.1175/jpo-d-19-0170.1,https://doi.org/10.1175/jpo-d-19-0170.1
2019,B,Wave measurement methodology,20,A mixed Eulerian-Lagrangian simulation of nonlinear wave interaction with a fluid-filled membrane breakwater,"Liu, Huang",Ocean Engineering,10.1016/j.oceaneng.2019.03.008,https://doi.org/10.1016/j.oceaneng.2019.03.008
2019,B,Wave measurement methodology,19,Reading a Wave Buoy,Helmreich,"Science, Technology, &amp; Human Values",10.1177/0162243919856095,https://doi.org/10.1177/0162243919856095
2019,B,Wave measurement methodology,9,A Lagrangian drifter for surveys of water surface roughness in streams,"Noss, Koca, Zinke, Henry, Navaratnam, Aberle et al.",Journal of Hydraulic Research,10.1080/00221686.2019.1623930,https://doi.org/10.1080/00221686.2019.1623930
2019,D,"Drift, transport & trajectory",2,Numerical simulation of the wave-induced Stokes drift effect on sea surface temperature in the North Pacific,"Liu, Shi, Zhang",Oceanological and Hydrobiological Studies,10.2478/ohs-2019-0034,https://doi.org/10.2478/ohs-2019-0034
2019,D,"Drift, transport & trajectory",1,Lagrangian Drifter to Identify Ocean Eddy Characteristics,"Chu, Fan",Climate,10.3390/cli7120137,https://doi.org/10.3390/cli7120137
2019,B,Wave measurement methodology,1,Wave measurements with a modified HydroBall® buoy using different GNSS processing strategies,"Gendron, Chouaer, Santerre, Rondeau, Seube",Geomatica,10.1139/geomat-2018-0021,https://doi.org/10.1139/geomat-2018-0021
2018,B,Wave measurement methodology,52,Measurements of Directional Wave Spectra and Wind Stress from a Wave Glider Autonomous Surface Vehicle,"Thomson, Girton, Jha, Trapani",Journal of Atmospheric and Oceanic Technology,10.1175/jtech-d-17-0091.1,https://doi.org/10.1175/jtech-d-17-0091.1
2018,B,Wave measurement methodology,30,Sensor Buoy System for Monitoring Renewable Marine Energy Resources,"García, Quiles, Correcher, Morant",Sensors,10.3390/s18040945,https://doi.org/10.3390/s18040945
2018,B,Wave measurement methodology,26,Extreme Wave Analysis by Integrating Model and Wave Buoy Data,"Dentale, Furcolo, Pugliese Carratelli, Reale, Contestabile, Tomasicchio",Water,10.3390/w10040373,https://doi.org/10.3390/w10040373
2018,B,Wave measurement methodology,26,Wave interaction with a tethered buoy: SPH simulation and experimental validation,"Gunn, Rudman, Cohen",Ocean Engineering,10.1016/j.oceaneng.2018.03.001,https://doi.org/10.1016/j.oceaneng.2018.03.001
2018,B,Wave measurement methodology,25,Estimation of directional spectra from wave buoys for model validation,Gorman,Procedia IUTAM,10.1016/j.piutam.2018.03.008,https://doi.org/10.1016/j.piutam.2018.03.008
2018,D,"Drift, transport & trajectory",17,Eddy Diffusivity Estimates from Lagrangian Trajectories Simulated with Ocean Models and Surface Drifter Data—A Case Study for the Greater Agulhas System,"Rühs, Zhurbas, Koszalka, Durgadoo, Biastoch",Journal of Physical Oceanography,10.1175/jpo-d-17-0048.1,https://doi.org/10.1175/jpo-d-17-0048.1
2018,A,Platform & sensor hardware,7,Mechanistic Drifting Forecast Model for A Small Semi-Submersible Drifter Under Tide–Wind–Wave Conditions,"Zhang, Huang, Wang, Chen, Zhang",China Ocean Engineering,10.1007/s13344-018-0011-3,https://doi.org/10.1007/s13344-018-0011-3
2018,E,Validation & intercomparison,4,Integration between X-Band Radar and Buoy Sea State Monitoring,"Reale, Ludeno, Raffa",Journal of Coastal Research,10.2112/jcoastres-d-17-00050.1,https://doi.org/10.2112/jcoastres-d-17-00050.1
2018,B,Wave measurement methodology,2,Steepest Ascent Low/Non‐Low‐Frequency Ratio in Empirical Mode Decomposition to Separate Deterministic and Stochastic Velocities From a Single Lagrangian Drifter,Chu,Journal of Geophysical Research: Oceans,10.1002/2017jc013500,https://doi.org/10.1002/2017jc013500
2018,D,"Drift, transport & trajectory",1,Material Transport under a Wave Train in Interaction with Constant Wind: A Eulerian RANS Approach Combined with a Lagrangian Particle Dispersion Model,"Sinha, Golshan",Fluids,10.3390/fluids3020040,https://doi.org/10.3390/fluids3020040
2018,D,"Drift, transport & trajectory",0,IMPACT OF RANDOM WAVE SPECTRA ON STOKES DRIFT IN COASTAL CURRENT MODELING,"Imai, Ninomiya, Mori",Coastal Engineering Proceedings,10.9753/icce.v36.currents.1,https://doi.org/10.9753/icce.v36.currents.1
